<?xml version="1.0" encoding="UTF-8"?>
<rss xmlns:content="http://purl.org/rss/1.0/modules/content/" xmlns:dc="http://purl.org/dc/elements/1.1/" version="2.0">
  <channel>
    <title>Blog</title>
    <link>http://www.impel.global/blog</link>
    <description>Read Impel's latest news and insights blog to stay updated about the XDC Network, ISO 20022 Financial Messaging, and the R3 Corda Bridge.</description>
    <language>en</language>
    <pubDate>Wed, 26 Oct 2022 15:31:11 GMT</pubDate>
    <dc:date>2022-10-26T15:31:11Z</dc:date>
    <dc:language>en</dc:language>
    <item>
      <title>What do blockchain and digital assets hold for the future?</title>
      <link>http://www.impel.global/blog/what-do-blockchain-and-digital-assets-hold-for-the-future</link>
      <description>&lt;div class="hs-featured-image-wrapper"&gt; 
 &lt;a href="http://www.impel.global/blog/what-do-blockchain-and-digital-assets-hold-for-the-future" title="" class="hs-featured-image-link"&gt; &lt;img src="https://21152810.fs1.hubspotusercontent-na1.net/hubfs/21152810/IMP_BlogPostImage_Blockchain_mh_2b.jpg" alt="What do blockchain and digital assets hold for the future?" class="hs-featured-image" style="width:auto !important; max-width:50%; float:left; margin:0 15px 15px 0;"&gt; &lt;/a&gt; 
&lt;/div&gt; 
&lt;h4&gt;A pernicious question that seems to keep cropping up in conversations outside of the digital asset “crypto” community: Is blockchain technology the future, or just another technology fad destined to fade over time?&lt;/h4&gt; 
&lt;p&gt;It’s not an unexpected concern - after all, blockchain is such a transformative technology that claims about its potential can seem unreal to some. Currently, some of the most visible use cases for the blockchain involve speculative investments, many of which have been leveraged by savvy individuals to create generational wealth. But some more traditional investors see the playful, youthful energy of crypto culture as unserious.&lt;/p&gt;</description>
      <content:encoded>&lt;div class="hs-featured-image-wrapper"&gt; 
 &lt;a href="http://www.impel.global/blog/what-do-blockchain-and-digital-assets-hold-for-the-future" title="" class="hs-featured-image-link"&gt; &lt;img src="https://21152810.fs1.hubspotusercontent-na1.net/hubfs/21152810/IMP_BlogPostImage_Blockchain_mh_2b.jpg" alt="What do blockchain and digital assets hold for the future?" class="hs-featured-image" style="width:auto !important; max-width:50%; float:left; margin:0 15px 15px 0;"&gt; &lt;/a&gt; 
&lt;/div&gt; 
&lt;h4&gt;A pernicious question that seems to keep cropping up in conversations outside of the digital asset “crypto” community: Is blockchain technology the future, or just another technology fad destined to fade over time?&lt;/h4&gt; 
&lt;p&gt;It’s not an unexpected concern - after all, blockchain is such a transformative technology that claims about its potential can seem unreal to some. Currently, some of the most visible use cases for the blockchain involve speculative investments, many of which have been leveraged by savvy individuals to create generational wealth. But some more traditional investors see the playful, youthful energy of crypto culture as unserious.&lt;/p&gt;  
&lt;img src="https://track.hubspot.com/__ptq.gif?a=21152810&amp;amp;k=14&amp;amp;r=http%3A%2F%2Fwww.impel.global%2Fblog%2Fwhat-do-blockchain-and-digital-assets-hold-for-the-future&amp;amp;bu=http%253A%252F%252Fwww.impel.global%252Fblog&amp;amp;bvt=rss" alt="" width="1" height="1" style="min-height:1px!important;width:1px!important;border-width:0!important;margin-top:0!important;margin-bottom:0!important;margin-right:0!important;margin-left:0!important;padding-top:0!important;padding-bottom:0!important;padding-right:0!important;padding-left:0!important; "&gt;</content:encoded>
      <category>Blockchain</category>
      <pubDate>Fri, 21 Oct 2022 18:45:25 GMT</pubDate>
      <guid>http://www.impel.global/blog/what-do-blockchain-and-digital-assets-hold-for-the-future</guid>
      <dc:date>2022-10-21T18:45:25Z</dc:date>
      <dc:creator>Troy S. Wood</dc:creator>
    </item>
    <item>
      <title>Impel brings Fluent's Federated US+ Stablecoin to XDC Network</title>
      <link>http://www.impel.global/blog/impel-brings-fluents-federated-us-stablecoin-to-xdc-network</link>
      <description>&lt;div class="hs-featured-image-wrapper"&gt; 
 &lt;a href="http://www.impel.global/blog/impel-brings-fluents-federated-us-stablecoin-to-xdc-network" title="" class="hs-featured-image-link"&gt; &lt;img src="https://21152810.fs1.hubspotusercontent-na1.net/hubfs/21152810/IMP_BlogPostImage_mh_1a.jpg" alt="Impel brings Fluent's Federated US+ Stablecoin to XDC Network" class="hs-featured-image" style="width:auto !important; max-width:50%; float:left; margin:0 15px 15px 0;"&gt; &lt;/a&gt; 
&lt;/div&gt; 
&lt;p&gt;Impel brings Fluent's US+ Stablecoin to the XDC Network, a Layer 1 blockchain, for more than just cross-border payments. Impel and Fluent have entered into a strategic partnership that will deliver a variety of innovative software solutions to the XDC Network’s ecosystem by allowing traditional banks and financial intuitions to benefit from decentralized finance using DLT.&lt;/p&gt;</description>
      <content:encoded>&lt;div class="hs-featured-image-wrapper"&gt; 
 &lt;a href="http://www.impel.global/blog/impel-brings-fluents-federated-us-stablecoin-to-xdc-network" title="" class="hs-featured-image-link"&gt; &lt;img src="https://21152810.fs1.hubspotusercontent-na1.net/hubfs/21152810/IMP_BlogPostImage_mh_1a.jpg" alt="Impel brings Fluent's Federated US+ Stablecoin to XDC Network" class="hs-featured-image" style="width:auto !important; max-width:50%; float:left; margin:0 15px 15px 0;"&gt; &lt;/a&gt; 
&lt;/div&gt; 
&lt;p&gt;Impel brings Fluent's US+ Stablecoin to the XDC Network, a Layer 1 blockchain, for more than just cross-border payments. Impel and Fluent have entered into a strategic partnership that will deliver a variety of innovative software solutions to the XDC Network’s ecosystem by allowing traditional banks and financial intuitions to benefit from decentralized finance using DLT.&lt;/p&gt;  
&lt;img src="https://track.hubspot.com/__ptq.gif?a=21152810&amp;amp;k=14&amp;amp;r=http%3A%2F%2Fwww.impel.global%2Fblog%2Fimpel-brings-fluents-federated-us-stablecoin-to-xdc-network&amp;amp;bu=http%253A%252F%252Fwww.impel.global%252Fblog&amp;amp;bvt=rss" alt="" width="1" height="1" style="min-height:1px!important;width:1px!important;border-width:0!important;margin-top:0!important;margin-bottom:0!important;margin-right:0!important;margin-left:0!important;padding-top:0!important;padding-bottom:0!important;padding-right:0!important;padding-left:0!important; "&gt;</content:encoded>
      <category>Press Release</category>
      <pubDate>Thu, 06 Oct 2022 20:47:36 GMT</pubDate>
      <guid>http://www.impel.global/blog/impel-brings-fluents-federated-us-stablecoin-to-xdc-network</guid>
      <dc:date>2022-10-06T20:47:36Z</dc:date>
      <dc:creator>Impel</dc:creator>
    </item>
    <item>
      <title>How ISO 20022 Will Change the Global Financial Standard</title>
      <link>http://www.impel.global/blog/how-iso-20022-will-change-the-global-financial-standard</link>
      <description>&lt;div class="hs-featured-image-wrapper"&gt; 
 &lt;a href="http://www.impel.global/blog/how-iso-20022-will-change-the-global-financial-standard" title="" class="hs-featured-image-link"&gt; &lt;img src="https://21152810.fs1.hubspotusercontent-na1.net/hubfs/21152810/IMP_BlogPostImage_ISO20022_mh_2b.jpg" alt="How ISO 20022 Will Change the Global Financial Standard" class="hs-featured-image" style="width:auto !important; max-width:50%; float:left; margin:0 15px 15px 0;"&gt; &lt;/a&gt; 
&lt;/div&gt; 
&lt;h4&gt;Day-to-day operations of business activities are of intrinsic value to the world’s economy.&lt;/h4&gt; 
&lt;p&gt;Every institution or merchant wants a convenient, low-cost, efficient, and secure payment messaging system for domestic or cross-border transactions.&lt;/p&gt;</description>
      <content:encoded>&lt;div class="hs-featured-image-wrapper"&gt; 
 &lt;a href="http://www.impel.global/blog/how-iso-20022-will-change-the-global-financial-standard" title="" class="hs-featured-image-link"&gt; &lt;img src="https://21152810.fs1.hubspotusercontent-na1.net/hubfs/21152810/IMP_BlogPostImage_ISO20022_mh_2b.jpg" alt="How ISO 20022 Will Change the Global Financial Standard" class="hs-featured-image" style="width:auto !important; max-width:50%; float:left; margin:0 15px 15px 0;"&gt; &lt;/a&gt; 
&lt;/div&gt; 
&lt;h4&gt;Day-to-day operations of business activities are of intrinsic value to the world’s economy.&lt;/h4&gt; 
&lt;p&gt;Every institution or merchant wants a convenient, low-cost, efficient, and secure payment messaging system for domestic or cross-border transactions.&lt;/p&gt;  
&lt;img src="https://track.hubspot.com/__ptq.gif?a=21152810&amp;amp;k=14&amp;amp;r=http%3A%2F%2Fwww.impel.global%2Fblog%2Fhow-iso-20022-will-change-the-global-financial-standard&amp;amp;bu=http%253A%252F%252Fwww.impel.global%252Fblog&amp;amp;bvt=rss" alt="" width="1" height="1" style="min-height:1px!important;width:1px!important;border-width:0!important;margin-top:0!important;margin-bottom:0!important;margin-right:0!important;margin-left:0!important;padding-top:0!important;padding-bottom:0!important;padding-right:0!important;padding-left:0!important; "&gt;</content:encoded>
      <category>ISO 20022</category>
      <category>XDC Network</category>
      <pubDate>Fri, 23 Sep 2022 19:25:38 GMT</pubDate>
      <guid>http://www.impel.global/blog/how-iso-20022-will-change-the-global-financial-standard</guid>
      <dc:date>2022-09-23T19:25:38Z</dc:date>
      <dc:creator>Troy S. Wood</dc:creator>
    </item>
    <item>
      <title>Everything you need to know about the XDC Network</title>
      <link>http://www.impel.global/blog/everything-you-need-to-know-about-the-xdc-network</link>
      <description>&lt;div class="hs-featured-image-wrapper"&gt; 
 &lt;a href="http://www.impel.global/blog/everything-you-need-to-know-about-the-xdc-network" title="" class="hs-featured-image-link"&gt; &lt;img src="https://21152810.fs1.hubspotusercontent-na1.net/hubfs/21152810/IMP_BlogPostImage_AboutXDC_mh_3c.jpg" alt="Everything you need to know about the XDC Network" class="hs-featured-image" style="width:auto !important; max-width:50%; float:left; margin:0 15px 15px 0;"&gt; &lt;/a&gt; 
&lt;/div&gt; 
&lt;h4&gt;Well, almost everything you need to know, or else this write-up would be long enough to fill a book.&lt;/h4&gt; 
&lt;p&gt;That said, the important basic information and facts are covered here, which is plenty to get a good handle on one of the top performing and most robust blockchain protocols available.&lt;/p&gt;</description>
      <content:encoded>&lt;div class="hs-featured-image-wrapper"&gt; 
 &lt;a href="http://www.impel.global/blog/everything-you-need-to-know-about-the-xdc-network" title="" class="hs-featured-image-link"&gt; &lt;img src="https://21152810.fs1.hubspotusercontent-na1.net/hubfs/21152810/IMP_BlogPostImage_AboutXDC_mh_3c.jpg" alt="Everything you need to know about the XDC Network" class="hs-featured-image" style="width:auto !important; max-width:50%; float:left; margin:0 15px 15px 0;"&gt; &lt;/a&gt; 
&lt;/div&gt; 
&lt;h4&gt;Well, almost everything you need to know, or else this write-up would be long enough to fill a book.&lt;/h4&gt; 
&lt;p&gt;That said, the important basic information and facts are covered here, which is plenty to get a good handle on one of the top performing and most robust blockchain protocols available.&lt;/p&gt;  
&lt;img src="https://track.hubspot.com/__ptq.gif?a=21152810&amp;amp;k=14&amp;amp;r=http%3A%2F%2Fwww.impel.global%2Fblog%2Feverything-you-need-to-know-about-the-xdc-network&amp;amp;bu=http%253A%252F%252Fwww.impel.global%252Fblog&amp;amp;bvt=rss" alt="" width="1" height="1" style="min-height:1px!important;width:1px!important;border-width:0!important;margin-top:0!important;margin-bottom:0!important;margin-right:0!important;margin-left:0!important;padding-top:0!important;padding-bottom:0!important;padding-right:0!important;padding-left:0!important; "&gt;</content:encoded>
      <category>ISO 20022</category>
      <category>R3 Corda Bridge</category>
      <category>XDC Network</category>
      <pubDate>Wed, 07 Sep 2022 17:30:03 GMT</pubDate>
      <guid>http://www.impel.global/blog/everything-you-need-to-know-about-the-xdc-network</guid>
      <dc:date>2022-09-07T17:30:03Z</dc:date>
      <dc:creator>Troy S. Wood</dc:creator>
    </item>
    <item>
      <title>Impel Adds Bitcoin to ISO 20022 Financial Messaging on XDC Network</title>
      <link>http://www.impel.global/blog/impel-adds-bitcoin-to-iso-20022-financial-messaging-on-xdc-network</link>
      <description>&lt;div class="hs-featured-image-wrapper"&gt; 
 &lt;a href="http://www.impel.global/blog/impel-adds-bitcoin-to-iso-20022-financial-messaging-on-xdc-network" title="" class="hs-featured-image-link"&gt; &lt;img src="https://21152810.fs1.hubspotusercontent-na1.net/hubfs/21152810/IMP_BlogPostImage_mh_1a.jpg" alt="Impel Adds Bitcoin to ISO 20022 Financial Messaging on XDC Network" class="hs-featured-image" style="width:auto !important; max-width:50%; float:left; margin:0 15px 15px 0;"&gt; &lt;/a&gt; 
&lt;/div&gt; 
&lt;p&gt;New Cross-chain Interoperability via WanBridge Provides More Robust Options for Instant Settlement&lt;/p&gt;</description>
      <content:encoded>&lt;div class="hs-featured-image-wrapper"&gt; 
 &lt;a href="http://www.impel.global/blog/impel-adds-bitcoin-to-iso-20022-financial-messaging-on-xdc-network" title="" class="hs-featured-image-link"&gt; &lt;img src="https://21152810.fs1.hubspotusercontent-na1.net/hubfs/21152810/IMP_BlogPostImage_mh_1a.jpg" alt="Impel Adds Bitcoin to ISO 20022 Financial Messaging on XDC Network" class="hs-featured-image" style="width:auto !important; max-width:50%; float:left; margin:0 15px 15px 0;"&gt; &lt;/a&gt; 
&lt;/div&gt; 
&lt;p&gt;New Cross-chain Interoperability via WanBridge Provides More Robust Options for Instant Settlement&lt;/p&gt;  
&lt;img src="https://track.hubspot.com/__ptq.gif?a=21152810&amp;amp;k=14&amp;amp;r=http%3A%2F%2Fwww.impel.global%2Fblog%2Fimpel-adds-bitcoin-to-iso-20022-financial-messaging-on-xdc-network&amp;amp;bu=http%253A%252F%252Fwww.impel.global%252Fblog&amp;amp;bvt=rss" alt="" width="1" height="1" style="min-height:1px!important;width:1px!important;border-width:0!important;margin-top:0!important;margin-bottom:0!important;margin-right:0!important;margin-left:0!important;padding-top:0!important;padding-bottom:0!important;padding-right:0!important;padding-left:0!important; "&gt;</content:encoded>
      <category>Press Release</category>
      <pubDate>Tue, 02 Aug 2022 23:14:49 GMT</pubDate>
      <guid>http://www.impel.global/blog/impel-adds-bitcoin-to-iso-20022-financial-messaging-on-xdc-network</guid>
      <dc:date>2022-08-02T23:14:49Z</dc:date>
      <dc:creator>Impel</dc:creator>
    </item>
    <item>
      <title>Impel and Globiance Announce Strategic Partnership</title>
      <link>http://www.impel.global/blog/impel-and-globiance-announce-strategic-partnership</link>
      <description>&lt;div class="hs-featured-image-wrapper"&gt; 
 &lt;a href="http://www.impel.global/blog/impel-and-globiance-announce-strategic-partnership" title="" class="hs-featured-image-link"&gt; &lt;img src="https://21152810.fs1.hubspotusercontent-na1.net/hubfs/21152810/IMP_BlogPostImage_mh_1a.jpg" alt="Impel and Globiance Announce Strategic Partnership" class="hs-featured-image" style="width:auto !important; max-width:50%; float:left; margin:0 15px 15px 0;"&gt; &lt;/a&gt; 
&lt;/div&gt; 
&lt;p&gt;&lt;span&gt;Impel and Globiance are pleased to announce today a Memorandum of Understanding (MOU) between Oliver Marco La Rosa, Founder and CEO of Globiance, and Troy S. Wood, CEO and Founder of Impel.&lt;/span&gt;&lt;/p&gt;</description>
      <content:encoded>&lt;div class="hs-featured-image-wrapper"&gt; 
 &lt;a href="http://www.impel.global/blog/impel-and-globiance-announce-strategic-partnership" title="" class="hs-featured-image-link"&gt; &lt;img src="https://21152810.fs1.hubspotusercontent-na1.net/hubfs/21152810/IMP_BlogPostImage_mh_1a.jpg" alt="Impel and Globiance Announce Strategic Partnership" class="hs-featured-image" style="width:auto !important; max-width:50%; float:left; margin:0 15px 15px 0;"&gt; &lt;/a&gt; 
&lt;/div&gt; 
&lt;p&gt;&lt;span&gt;Impel and Globiance are pleased to announce today a Memorandum of Understanding (MOU) between Oliver Marco La Rosa, Founder and CEO of Globiance, and Troy S. Wood, CEO and Founder of Impel.&lt;/span&gt;&lt;/p&gt;  
&lt;img src="https://track.hubspot.com/__ptq.gif?a=21152810&amp;amp;k=14&amp;amp;r=http%3A%2F%2Fwww.impel.global%2Fblog%2Fimpel-and-globiance-announce-strategic-partnership&amp;amp;bu=http%253A%252F%252Fwww.impel.global%252Fblog&amp;amp;bvt=rss" alt="" width="1" height="1" style="min-height:1px!important;width:1px!important;border-width:0!important;margin-top:0!important;margin-bottom:0!important;margin-right:0!important;margin-left:0!important;padding-top:0!important;padding-bottom:0!important;padding-right:0!important;padding-left:0!important; "&gt;</content:encoded>
      <category>Press Release</category>
      <pubDate>Wed, 27 Jul 2022 18:07:08 GMT</pubDate>
      <guid>http://www.impel.global/blog/impel-and-globiance-announce-strategic-partnership</guid>
      <dc:date>2022-07-27T18:07:08Z</dc:date>
      <dc:creator>Impel</dc:creator>
    </item>
    <item>
      <title>Intro to Impel's ISO 20022 Financial Messaging Self-paced Demo</title>
      <link>http://www.impel.global/blog/intro-to-impels-iso-20022-financial-messaging-self-paced-demo</link>
      <description>&lt;div class="hs-featured-image-wrapper"&gt; 
 &lt;a href="http://www.impel.global/blog/intro-to-impels-iso-20022-financial-messaging-self-paced-demo" title="" class="hs-featured-image-link"&gt; &lt;img src="https://21152810.fs1.hubspotusercontent-na1.net/hubfs/21152810/news/impel-global-1.jpeg" alt="Intro to Impel's ISO 20022 Financial Messaging Self-paced Demo" class="hs-featured-image" style="width:auto !important; max-width:50%; float:left; margin:0 15px 15px 0;"&gt; &lt;/a&gt; 
&lt;/div&gt; 
&lt;p&gt;Impel is a fintech innovator that uses blockchain technology to deliver financial messaging, payments, and a bridge to the R3 Corda platform to future-facing banks and fintechs.&lt;/p&gt;</description>
      <content:encoded>&lt;div class="hs-featured-image-wrapper"&gt; 
 &lt;a href="http://www.impel.global/blog/intro-to-impels-iso-20022-financial-messaging-self-paced-demo" title="" class="hs-featured-image-link"&gt; &lt;img src="https://21152810.fs1.hubspotusercontent-na1.net/hubfs/21152810/news/impel-global-1.jpeg" alt="Intro to Impel's ISO 20022 Financial Messaging Self-paced Demo" class="hs-featured-image" style="width:auto !important; max-width:50%; float:left; margin:0 15px 15px 0;"&gt; &lt;/a&gt; 
&lt;/div&gt; 
&lt;p&gt;Impel is a fintech innovator that uses blockchain technology to deliver financial messaging, payments, and a bridge to the R3 Corda platform to future-facing banks and fintechs.&lt;/p&gt;  
&lt;img src="https://track.hubspot.com/__ptq.gif?a=21152810&amp;amp;k=14&amp;amp;r=http%3A%2F%2Fwww.impel.global%2Fblog%2Fintro-to-impels-iso-20022-financial-messaging-self-paced-demo&amp;amp;bu=http%253A%252F%252Fwww.impel.global%252Fblog&amp;amp;bvt=rss" alt="" width="1" height="1" style="min-height:1px!important;width:1px!important;border-width:0!important;margin-top:0!important;margin-bottom:0!important;margin-right:0!important;margin-left:0!important;padding-top:0!important;padding-bottom:0!important;padding-right:0!important;padding-left:0!important; "&gt;</content:encoded>
      <category>ISO 20022</category>
      <category>Demo</category>
      <pubDate>Thu, 14 Jul 2022 18:26:12 GMT</pubDate>
      <guid>http://www.impel.global/blog/intro-to-impels-iso-20022-financial-messaging-self-paced-demo</guid>
      <dc:date>2022-07-14T18:26:12Z</dc:date>
      <dc:creator>Impel</dc:creator>
    </item>
    <item>
      <title>Demo of Impel's R3 Corda | XDC Network Bridge</title>
      <link>http://www.impel.global/blog/demo-of-impels-r3-corda-xdc-network-bridge</link>
      <description>&lt;div class="hs-featured-image-wrapper"&gt; 
 &lt;a href="http://www.impel.global/blog/demo-of-impels-r3-corda-xdc-network-bridge" title="" class="hs-featured-image-link"&gt; &lt;img src="https://21152810.fs1.hubspotusercontent-na1.net/hubfs/21152810/news/impel-xdc-network-1.jpeg" alt="Demo of Impel's R3 Corda | XDC Network Bridge" class="hs-featured-image" style="width:auto !important; max-width:50%; float:left; margin:0 15px 15px 0;"&gt; &lt;/a&gt; 
&lt;/div&gt; 
&lt;p&gt;Impel is a fintech innovator that uses blockchain technology to deliver financial messaging, payments, and a bridge to the R3 Corda platform to future-facing banks and fintechs.&lt;/p&gt;</description>
      <content:encoded>&lt;div class="hs-featured-image-wrapper"&gt; 
 &lt;a href="http://www.impel.global/blog/demo-of-impels-r3-corda-xdc-network-bridge" title="" class="hs-featured-image-link"&gt; &lt;img src="https://21152810.fs1.hubspotusercontent-na1.net/hubfs/21152810/news/impel-xdc-network-1.jpeg" alt="Demo of Impel's R3 Corda | XDC Network Bridge" class="hs-featured-image" style="width:auto !important; max-width:50%; float:left; margin:0 15px 15px 0;"&gt; &lt;/a&gt; 
&lt;/div&gt; 
&lt;p&gt;Impel is a fintech innovator that uses blockchain technology to deliver financial messaging, payments, and a bridge to the R3 Corda platform to future-facing banks and fintechs.&lt;/p&gt;  
&lt;img src="https://track.hubspot.com/__ptq.gif?a=21152810&amp;amp;k=14&amp;amp;r=http%3A%2F%2Fwww.impel.global%2Fblog%2Fdemo-of-impels-r3-corda-xdc-network-bridge&amp;amp;bu=http%253A%252F%252Fwww.impel.global%252Fblog&amp;amp;bvt=rss" alt="" width="1" height="1" style="min-height:1px!important;width:1px!important;border-width:0!important;margin-top:0!important;margin-bottom:0!important;margin-right:0!important;margin-left:0!important;padding-top:0!important;padding-bottom:0!important;padding-right:0!important;padding-left:0!important; "&gt;</content:encoded>
      <category>R3 Corda Bridge</category>
      <category>Demo</category>
      <pubDate>Thu, 14 Jul 2022 18:13:19 GMT</pubDate>
      <guid>http://www.impel.global/blog/demo-of-impels-r3-corda-xdc-network-bridge</guid>
      <dc:date>2022-07-14T18:13:19Z</dc:date>
      <dc:creator>Impel</dc:creator>
    </item>
    <item>
      <title>ISO 20022 Compliant with Impel API Brings Possibilities for Wadzpay GBEX</title>
      <link>http://www.impel.global/blog/iso-20022-compliant-with-impel-api-brings-possibilities-for-wadzpay-gbex</link>
      <description>&lt;div class="hs-featured-image-wrapper"&gt; 
 &lt;a href="http://www.impel.global/blog/iso-20022-compliant-with-impel-api-brings-possibilities-for-wadzpay-gbex" title="" class="hs-featured-image-link"&gt; &lt;img src="https://21152810.fs1.hubspotusercontent-na1.net/hubfs/21152810/xdc-foundation.jpg" alt="ISO 20022 Compliant with Impel API Brings Possibilities for Wadzpay GBEX" class="hs-featured-image" style="width:auto !important; max-width:50%; float:left; margin:0 15px 15px 0;"&gt; &lt;/a&gt; 
&lt;/div&gt; 
&lt;p&gt;The Crypto Eri channel is a place to learn about the top performing digital assets, and to educate yourself about the new digital global economy, blockchain, DLT, AI, decentralized finance (loans, yield mining, lending), mobile payments, digital ID, tokenization and other new and rapidly changing technological trends/products that impact our world.&lt;/p&gt;</description>
      <content:encoded>&lt;div class="hs-featured-image-wrapper"&gt; 
 &lt;a href="http://www.impel.global/blog/iso-20022-compliant-with-impel-api-brings-possibilities-for-wadzpay-gbex" title="" class="hs-featured-image-link"&gt; &lt;img src="https://21152810.fs1.hubspotusercontent-na1.net/hubfs/21152810/xdc-foundation.jpg" alt="ISO 20022 Compliant with Impel API Brings Possibilities for Wadzpay GBEX" class="hs-featured-image" style="width:auto !important; max-width:50%; float:left; margin:0 15px 15px 0;"&gt; &lt;/a&gt; 
&lt;/div&gt; 
&lt;p&gt;The Crypto Eri channel is a place to learn about the top performing digital assets, and to educate yourself about the new digital global economy, blockchain, DLT, AI, decentralized finance (loans, yield mining, lending), mobile payments, digital ID, tokenization and other new and rapidly changing technological trends/products that impact our world.&lt;/p&gt;  
&lt;img src="https://track.hubspot.com/__ptq.gif?a=21152810&amp;amp;k=14&amp;amp;r=http%3A%2F%2Fwww.impel.global%2Fblog%2Fiso-20022-compliant-with-impel-api-brings-possibilities-for-wadzpay-gbex&amp;amp;bu=http%253A%252F%252Fwww.impel.global%252Fblog&amp;amp;bvt=rss" alt="" width="1" height="1" style="min-height:1px!important;width:1px!important;border-width:0!important;margin-top:0!important;margin-bottom:0!important;margin-right:0!important;margin-left:0!important;padding-top:0!important;padding-bottom:0!important;padding-right:0!important;padding-left:0!important; "&gt;</content:encoded>
      <category>Ask Me Anything (AMA) w/ Impel</category>
      <pubDate>Thu, 14 Jul 2022 18:04:07 GMT</pubDate>
      <guid>http://www.impel.global/blog/iso-20022-compliant-with-impel-api-brings-possibilities-for-wadzpay-gbex</guid>
      <dc:date>2022-07-14T18:04:07Z</dc:date>
      <dc:creator>Impel</dc:creator>
    </item>
    <item>
      <title>XDC Network AMA with Impel</title>
      <link>http://www.impel.global/blog/xdc-network-ama-with-impel</link>
      <description>&lt;div class="hs-featured-image-wrapper"&gt; 
 &lt;a href="http://www.impel.global/blog/xdc-network-ama-with-impel" title="" class="hs-featured-image-link"&gt; &lt;img src="https://21152810.fs1.hubspotusercontent-na1.net/hubfs/21152810/xdc-network.jpg" alt="XDC Network AMA with Impel" class="hs-featured-image" style="width:auto !important; max-width:50%; float:left; margin:0 15px 15px 0;"&gt; &lt;/a&gt; 
&lt;/div&gt; 
&lt;p&gt;XDC Network Ask Me Anything (AMA) series with various partners and app teams who have their projects on the XinFin XDC network.&lt;/p&gt;</description>
      <content:encoded>&lt;div class="hs-featured-image-wrapper"&gt; 
 &lt;a href="http://www.impel.global/blog/xdc-network-ama-with-impel" title="" class="hs-featured-image-link"&gt; &lt;img src="https://21152810.fs1.hubspotusercontent-na1.net/hubfs/21152810/xdc-network.jpg" alt="XDC Network AMA with Impel" class="hs-featured-image" style="width:auto !important; max-width:50%; float:left; margin:0 15px 15px 0;"&gt; &lt;/a&gt; 
&lt;/div&gt; 
&lt;p&gt;XDC Network Ask Me Anything (AMA) series with various partners and app teams who have their projects on the XinFin XDC network.&lt;/p&gt;  
&lt;img src="https://track.hubspot.com/__ptq.gif?a=21152810&amp;amp;k=14&amp;amp;r=http%3A%2F%2Fwww.impel.global%2Fblog%2Fxdc-network-ama-with-impel&amp;amp;bu=http%253A%252F%252Fwww.impel.global%252Fblog&amp;amp;bvt=rss" alt="" width="1" height="1" style="min-height:1px!important;width:1px!important;border-width:0!important;margin-top:0!important;margin-bottom:0!important;margin-right:0!important;margin-left:0!important;padding-top:0!important;padding-bottom:0!important;padding-right:0!important;padding-left:0!important; "&gt;</content:encoded>
      <category>Ask Me Anything (AMA) w/ Impel</category>
      <pubDate>Thu, 14 Jul 2022 17:35:59 GMT</pubDate>
      <guid>http://www.impel.global/blog/xdc-network-ama-with-impel</guid>
      <dc:date>2022-07-14T17:35:59Z</dc:date>
      <dc:creator>Impel</dc:creator>
    </item>
  </channel>
</rss>
